"","Spend","Age","Sex","Height","Loyalty","FamilySize","MacBeth"
"1",109.16,26.31,"M",163.83,"Yes",3,"No"
"2",111.13,26.92,"F",165.4,"Yes",1,"Yes"
"3",111.12,67.92,"F",158.96,"Yes",3,"No"
"4",120.4,66.31,"M",173.9,"Yes",4,"No"
"5",69.65,40,"F",162.71,"No",3,"No"
"6",78.6,27.71,"M",170.03,"Yes",3,"No"
"7",128.15,45.38,"M",170.07,"Yes",4,"No"
"8",157.19,60.95,"F",164.94,"Yes",5,"Yes"
"9",98.16,50.34,"M",181.11,"Yes",4,"No"
"10",84.18,64.61,"F",166.81,"Yes",2,"No"
"11",59.58,63.52,"M",187.26,"No",2,"No"
"12",73.75,54.5,"M",174.28,"Yes",2,"No"
"13",82.53,57.21,"F",158.05,"Yes",2,"No"
"14",117.11,46.99,"M",184.42,"Yes",4,"No"
"15",104.07,35.82,"M",179.39,"Yes",3,"No"
"16",123.37,45.27,"F",158.01,"Yes",4,"No"
"17",93.71,24.83,"F",164.43,"Yes",3,"Yes"
"18",86.86,38.37,"M",168.65,"Yes",1,"No"
"19",120.38,41.61,"M",177.54,"Yes",4,"No"
"20",71.23,47.7,"F",166.19,"No",2,"No"
"21",140.16,35.13,"F",163.63,"Yes",6,"No"
"22",95.86,47.17,"F",165.95,"Yes",4,"No"
"23",88.35,47.19,"M",174.64,"Yes",1,"Yes"
"24",102.7,59.33,"M",172.61,"No",6,"No"
"25",101.39,44.86,"F",156.21,"Yes",4,"Yes"
"26",65.65,24.23,"M",171.3,"No",4,"No"
"27",93.07,57.69,"M",184.65,"Yes",2,"No"
"28",84.71,21.7,"F",169.79,"Yes",3,"No"
"29",91.78,31.55,"M",184.82,"Yes",2,"No"
"30",83.5,20.17,"M",180.78,"Yes",2,"No"
"31",121.56,54.15,"M",166.21,"Yes",3,"Yes"
"32",102.77,33.12,"M",179.19,"Yes",3,"No"
"33",106.03,57.81,"M",177.47,"Yes",4,"Yes"
"34",58.85,32.51,"M",174.87,"No",3,"No"
"35",109.43,25.56,"F",161.56,"Yes",3,"No"
"36",127.15,62.17,"F",166.42,"Yes",4,"No"
"37",87.73,52.13,"M",167.72,"No",3,"No"
"38",98.07,55.49,"M",172.27,"No",3,"Yes"
"39",137.81,46.51,"F",157.21,"No",6,"Yes"
"40",61.68,30.67,"F",164.63,"No",3,"Yes"
"41",68.05,25.99,"M",172.36,"Yes",1,"No"
"42",83.62,31,"F",159.57,"Yes",1,"No"
"43",98.94,33.59,"M",179.48,"Yes",2,"No"
"44",109.17,40.5,"M",164.61,"Yes",4,"No"
"45",90.07,41.95,"M",176.17,"Yes",3,"No"
"46",91.45,58.9,"M",177.04,"Yes",3,"No"
"47",120.14,63.41,"M",176.53,"Yes",3,"No"
"48",101.51,21.14,"F",161.85,"Yes",4,"No"
"49",81.29,28.44,"M",169.7,"Yes",1,"Yes"
"50",98.05,30.73,"M",175.16,"Yes",3,"No"
"51",90.33,41.85,"F",164.14,"Yes",3,"No"
"52",105.48,60.97,"F",161.49,"Yes",4,"No"
"53",45.56,21.78,"F",161.16,"No",1,"No"
"54",92.24,68.38,"M",171.48,"Yes",1,"No"
"55",79.22,31.55,"M",183.24,"No",2,"Yes"
"56",107.67,66.66,"F",176.57,"Yes",2,"No"
"57",98.74,32.95,"F",174.26,"Yes",3,"No"
"58",76.42,43.54,"F",158.16,"No",2,"No"
"59",106.47,66.58,"M",175.93,"Yes",3,"No"
"60",121.08,39.99,"F",164.42,"Yes",6,"No"
"61",82.5,69.98,"F",161.36,"Yes",1,"Yes"
"62",109.03,69.22,"F",158.03,"Yes",3,"Yes"
"63",75.13,62.47,"F",163.69,"No",2,"No"
"64",93.16,23.29,"M",162.84,"Yes",3,"No"
"65",88.96,69.23,"F",166.64,"No",3,"No"
"66",55.17,21.13,"M",165.87,"Yes",1,"No"
"67",92.05,46.04,"M",173.32,"Yes",3,"Yes"
"68",94.79,49.59,"M",170.77,"Yes",2,"No"
"69",85.62,29.21,"M",170.38,"Yes",2,"Yes"
"70",107.9,49.65,"M",171.81,"Yes",2,"No"
"71",78.45,25.43,"M",174.87,"Yes",2,"No"
"72",96.3,53.26,"M",172.37,"Yes",3,"No"
"73",78.37,40.56,"F",159.87,"Yes",2,"No"
"74",104.68,36.6,"M",187.3,"No",4,"No"
"75",96.97,64.94,"M",179.62,"Yes",2,"No"
"76",89.54,60.06,"M",180.16,"Yes",3,"No"
"77",111.66,32.78,"M",172.96,"Yes",3,"No"
"78",59.9,66.47,"F",160.02,"No",2,"Yes"
"79",100.38,55,"F",171.03,"Yes",1,"No"
"80",94.32,51.84,"F",165.32,"No",3,"No"
"81",91.47,64.17,"M",167.86,"Yes",2,"Yes"
"82",110.79,29.01,"M",160.7,"Yes",3,"No"
"83",129.47,49.86,"M",172.23,"Yes",6,"No"
"84",57.89,52.75,"F",162.06,"No",2,"Yes"
"85",96.27,64.43,"F",166.08,"Yes",3,"No"
"86",123.79,52.15,"M",164.65,"Yes",5,"No"
"87",81.18,27.51,"F",162.86,"Yes",2,"Yes"
"88",119.84,35.9,"M",177.78,"Yes",4,"No"
"89",94.46,30.67,"F",160,"No",3,"No"
"90",75.89,40.09,"F",157.87,"No",3,"Yes"
"91",104.68,20.07,"F",164.23,"Yes",2,"Yes"
"92",72.9,55.94,"M",164.77,"No",4,"No"
"93",82.96,59.62,"M",184.6,"Yes",2,"No"
"94",94.53,51.34,"F",159.15,"Yes",3,"No"
"95",139.79,38.44,"M",186.83,"Yes",6,"No"
"96",95.05,44.94,"F",159.29,"No",3,"No"
"97",103.6,67.6,"M",162.76,"Yes",3,"No"
"98",70.28,26.85,"M",173.31,"No",2,"No"
"99",79.64,34.99,"M",174.25,"Yes",2,"No"
"100",88.18,35.64,"F",162.58,"Yes",4,"No"
"101",109.06,67.71,"M",173.27,"Yes",4,"No"
"102",99.54,61.06,"M",175.85,"Yes",4,"No"
"103",88.23,63.13,"M",166.9,"Yes",3,"No"
"104",97.77,46.96,"F",160.55,"Yes",2,"No"
"105",115.98,27.24,"M",186.84,"Yes",7,"No"
"106",107.37,53.06,"F",164.86,"Yes",5,"No"
"107",87.78,46.18,"F",155.63,"Yes",3,"Yes"
"108",97.22,59.23,"M",172.63,"Yes",4,"No"
"109",113.22,63.25,"F",166.22,"Yes",4,"No"
"110",106.18,61.8,"F",164.29,"Yes",4,"No"
"111",96.17,33.45,"M",181.15,"Yes",1,"No"
"112",88.46,26.87,"F",157.91,"No",3,"No"
"113",111.43,54.27,"F",168.83,"No",3,"Yes"
"114",66.63,54.83,"F",163.65,"No",2,"No"
"115",64.09,31.5,"F",165.99,"No",3,"No"
"116",92.6,23.11,"M",177.08,"Yes",3,"No"
"117",85.73,37.67,"F",158.71,"No",4,"No"
"118",60.21,49.06,"M",165.58,"No",1,"No"
"119",96.63,49.06,"M",166.44,"Yes",3,"No"
"120",125.9,68.65,"F",167.98,"Yes",2,"Yes"
"121",115.58,66.66,"F",162.45,"Yes",4,"Yes"
"122",127.92,59.27,"F",166.68,"Yes",5,"Yes"
"123",92.14,44.57,"M",178,"No",3,"No"
"124",69.65,21.61,"M",179.87,"No",3,"No"
"125",86,37.71,"F",164.47,"Yes",3,"No"
"126",75.53,58.61,"F",161.47,"Yes",2,"No"
"127",54.6,22,"M",174.64,"No",3,"No"
"128",75.55,25.01,"M",180.02,"Yes",3,"No"
"129",84.58,67.17,"M",173.31,"Yes",2,"No"
"130",96.01,49.68,"F",168.47,"Yes",3,"No"
"131",69.08,68.82,"F",171.04,"Yes",1,"No"
"132",117.49,51.55,"M",178.38,"No",6,"No"
"133",142.31,27.85,"F",165.05,"Yes",6,"Yes"
"134",82.68,40.93,"F",179.93,"No",2,"No"
"135",127.75,41,"M",177.16,"Yes",4,"No"
"136",91.29,43.7,"F",160.66,"Yes",4,"No"
"137",95.3,41.47,"F",156.89,"Yes",2,"No"
"138",72.98,39.54,"M",168.22,"No",4,"No"
"139",98.76,64.47,"F",168.91,"Yes",3,"No"
"140",68.46,59.66,"F",166.85,"No",3,"No"
"141",101.81,33.29,"M",185.23,"No",2,"Yes"
"142",128.53,36.89,"F",158.5,"Yes",5,"No"
"143",115.47,43.52,"M",180.05,"Yes",3,"No"
"144",55.2,41.55,"F",156.12,"No",2,"No"
"145",133.29,30.58,"F",168.14,"Yes",5,"No"
"146",88.38,36.39,"M",182.54,"Yes",4,"No"
"147",102.03,34.43,"M",185.41,"No",4,"Yes"
"148",76.03,69.88,"F",172.39,"Yes",2,"No"
"149",65.17,28.7,"M",168.37,"No",2,"Yes"
"150",81.52,36.42,"F",166.19,"No",4,"No"
"151",135.66,63.47,"F",169.57,"Yes",8,"No"
"152",111.65,31.32,"M",176.61,"Yes",3,"No"
"153",62.97,53.93,"F",167.13,"No",3,"No"
"154",117.71,38.96,"M",174.9,"No",5,"No"
"155",95.96,32.42,"M",164.02,"Yes",4,"No"
"156",87.56,66.74,"M",178.71,"Yes",3,"No"
"157",77.7,44.82,"M",176.83,"Yes",1,"No"
"158",67.07,30.01,"M",180.12,"No",1,"No"
"159",86.65,63.63,"F",165.55,"Yes",3,"No"
"160",84.81,50.69,"F",161.3,"No",3,"No"
"161",73.13,49.9,"F",153.63,"Yes",2,"No"
"162",100.76,62.25,"F",154.41,"Yes",3,"No"
"163",52.86,30.03,"F",166.66,"No",2,"No"
"164",104.75,42.81,"F",164.87,"Yes",3,"No"
"165",68.18,23.48,"F",160.33,"No",1,"No"
"166",55.6,24.71,"M",182.29,"No",2,"No"
"167",124.67,35.7,"M",165.19,"No",7,"Yes"
"168",129.96,67.87,"F",160.7,"Yes",5,"No"
"169",108.14,21.94,"F",163.98,"Yes",4,"No"
"170",98.81,56.56,"M",158.01,"Yes",2,"No"
"171",88.6,32.26,"F",164.28,"No",3,"No"
"172",81.2,24.7,"M",176.88,"Yes",3,"No"
"173",104.23,52.17,"F",159.33,"Yes",3,"No"
"174",88.17,55.2,"M",188.54,"Yes",3,"No"
"175",100.16,34.97,"M",169.64,"No",4,"No"
"176",76.37,26.38,"M",180.11,"No",3,"No"
"177",80.91,47.6,"M",172.11,"No",3,"No"
"178",139.53,65.04,"M",178.06,"Yes",4,"Yes"
"179",103.21,44.13,"F",168.73,"Yes",2,"No"
"180",83.71,51.94,"F",171.91,"Yes",3,"No"
"181",83.37,65.23,"M",171.7,"Yes",2,"No"
"182",64.71,62.32,"M",166.67,"No",2,"No"
"183",136.56,50.35,"F",161.65,"Yes",6,"Yes"
"184",72.66,55.9,"M",178.01,"Yes",2,"No"
"185",131.86,64.95,"M",175.36,"Yes",4,"No"
"186",41.58,33.12,"F",161.1,"No",1,"No"
"187",118.48,38.93,"M",181.22,"Yes",4,"No"
"188",142.57,43.29,"F",161.08,"Yes",4,"Yes"
"189",128.53,68.84,"M",184.63,"Yes",4,"No"
"190",103.65,47.16,"F",168.41,"Yes",3,"No"
"191",86.47,37.47,"M",173.87,"No",2,"No"
"192",112.04,28.55,"F",163.24,"Yes",5,"No"
"193",91.37,54.19,"F",155.81,"No",3,"No"
"194",115.43,61.71,"F",169.46,"Yes",4,"No"
"195",129.08,55.53,"F",158.89,"Yes",5,"Yes"
"196",89.16,25.36,"M",166.29,"Yes",1,"No"
"197",65.32,38.82,"F",148.57,"No",1,"No"
"198",113.17,62.95,"F",165.68,"Yes",4,"Yes"
"199",99.93,34.75,"M",178.96,"Yes",4,"No"
"200",75.75,39.58,"M",166.85,"No",2,"Yes"
"201",75.44,51.73,"M",176.65,"No",2,"No"
"202",72.1,21.8,"F",162.04,"No",3,"Yes"
"203",145.71,45.09,"M",172.02,"Yes",7,"No"
"204",105.71,41.11,"F",167.18,"Yes",3,"No"
"205",74.37,32.32,"F",160.54,"Yes",2,"No"
"206",79.72,47.03,"M",174.09,"Yes",2,"No"
"207",104.89,34.85,"M",181.63,"No",4,"No"
"208",59.83,31.51,"M",180.88,"Yes",1,"No"
"209",119.97,68.5,"M",176.59,"Yes",5,"Yes"
"210",113.19,53.86,"F",162.81,"Yes",1,"Yes"
"211",79.29,37.43,"M",181.2,"Yes",1,"No"
"212",97.97,28.96,"F",151.88,"Yes",1,"Yes"
"213",100.03,26.36,"F",165.93,"Yes",3,"Yes"
"214",90.48,62.89,"F",164.77,"No",3,"No"
"215",101.71,50.35,"F",165.52,"Yes",2,"No"
"216",102.25,28.9,"M",179.17,"No",5,"Yes"
"217",115.88,56.72,"M",181.01,"Yes",3,"No"
"218",101.76,44.72,"F",162.72,"Yes",3,"No"
"219",69.54,41.04,"M",172.44,"No",4,"No"
"220",58.81,23.9,"M",174.88,"Yes",1,"No"
"221",90.06,31.61,"F",165.63,"No",3,"No"
"222",89.46,37.57,"F",170.28,"Yes",3,"Yes"
"223",92.07,23.97,"M",170.45,"Yes",3,"No"
"224",99.59,38.71,"F",168.62,"Yes",5,"No"
"225",107.15,60.09,"F",159.33,"Yes",4,"No"
"226",105.49,23.81,"M",184.56,"Yes",3,"No"
"227",104.68,24.24,"F",167.67,"Yes",5,"No"
"228",95.5,64.87,"M",173.35,"Yes",4,"No"
"229",74.37,21.41,"F",162.29,"No",2,"No"
"230",81.39,50.31,"F",162.65,"No",3,"No"
"231",112.06,53.4,"M",169.29,"Yes",3,"Yes"
"232",85.3,64.57,"M",173.72,"Yes",3,"No"
"233",139.32,34.44,"F",169.8,"Yes",9,"No"
"234",96.67,43.64,"M",178.53,"Yes",3,"No"
"235",72.58,24.15,"F",162.38,"No",3,"Yes"
"236",128.77,53.1,"M",181,"Yes",5,"No"
"237",83.97,35.76,"M",181.24,"Yes",2,"No"
"238",103.3,25.56,"M",176.57,"Yes",3,"No"
"239",114.93,48.86,"F",158.56,"Yes",2,"Yes"
"240",101.72,62.61,"F",173.74,"Yes",1,"Yes"
"241",73.61,57.58,"M",170.46,"Yes",2,"No"
"242",80.36,66.43,"M",179.62,"No",2,"No"
"243",116.55,45.23,"M",166.54,"Yes",3,"No"
"244",146.49,41.36,"F",158.4,"Yes",7,"No"
"245",46.68,21.58,"F",164.55,"No",2,"No"
"246",126.86,34.31,"F",160.53,"Yes",3,"Yes"
"247",132.86,35.01,"M",175.74,"Yes",7,"Yes"
"248",60.79,20.34,"F",169.64,"No",3,"No"
"249",115.48,21.43,"M",169.78,"Yes",4,"No"
"250",95.73,61.05,"F",166.05,"Yes",1,"Yes"
"251",115.5,39.91,"F",164.14,"Yes",2,"Yes"
"252",139.41,57.41,"M",172.34,"Yes",5,"Yes"
"253",87.8,20.81,"M",166.85,"Yes",2,"No"
"254",90.48,50.67,"M",177.49,"Yes",3,"Yes"
"255",97.78,52.82,"F",157.15,"Yes",3,"No"
"256",126.6,50.34,"M",174.48,"Yes",5,"No"
"257",83.61,26.61,"F",163.95,"Yes",2,"No"
"258",68.57,27.74,"M",184.39,"No",2,"No"
"259",137.73,65.01,"F",164.64,"Yes",7,"No"
"260",97.92,42.42,"M",174.77,"Yes",3,"No"
"261",89.3,23.76,"F",162.39,"Yes",2,"No"
"262",100.63,53.86,"M",171.39,"Yes",3,"Yes"
"263",103.71,67.62,"F",167.69,"No",3,"No"
"264",56.73,26.12,"F",165.18,"Yes",1,"No"
"265",83.36,61.64,"M",184.6,"Yes",3,"No"
"266",99.96,29.91,"M",160.55,"Yes",2,"No"
"267",84.64,33.58,"M",181.84,"No",2,"No"
"268",118.74,50.85,"M",179.3,"Yes",3,"Yes"
"269",92.36,20.95,"F",162.34,"Yes",2,"No"
"270",93.33,42.64,"M",182.28,"Yes",3,"No"
"271",86.7,51.14,"F",167.77,"Yes",1,"No"
"272",120.51,69.75,"F",165.45,"Yes",3,"Yes"
"273",73.54,40.58,"M",168.03,"Yes",2,"No"
"274",110.7,66.62,"F",153.78,"Yes",2,"No"
"275",51.45,68.13,"M",177.05,"No",1,"No"
"276",51.2,20.09,"M",169.6,"No",2,"No"
"277",122.31,41.28,"M",182.93,"Yes",6,"No"
"278",71.62,29.06,"M",174.11,"No",3,"No"
"279",133.6,69.78,"M",186.8,"Yes",5,"No"
"280",83.93,33.3,"M",170.85,"Yes",1,"No"
"281",122.85,52.55,"F",167.18,"Yes",2,"Yes"
"282",68.74,21.01,"M",169.62,"Yes",1,"No"
"283",106.52,54.59,"M",180.21,"Yes",3,"No"
"284",64.53,27.91,"M",169.27,"Yes",1,"No"
"285",119.85,62.57,"M",181.95,"Yes",3,"No"
"286",111.03,26.77,"M",163.64,"Yes",3,"No"
"287",87.54,28.51,"F",163.18,"Yes",2,"No"
"288",136.92,68.96,"M",176.08,"Yes",5,"No"
"289",62.64,30.45,"F",165.56,"No",3,"No"
"290",103.15,67.92,"F",165.37,"No",4,"Yes"
"291",70.28,26.89,"M",165.93,"No",3,"No"
"292",67.55,36.76,"M",171.31,"No",2,"Yes"
"293",99.72,66.02,"F",159.02,"Yes",2,"No"
"294",103.87,25.85,"M",174.74,"Yes",4,"Yes"
"295",92.72,33.72,"F",147.3,"Yes",2,"No"
"296",115.94,49.38,"F",154.92,"Yes",3,"No"
"297",103.47,44.99,"F",168.65,"Yes",4,"No"
"298",109.1,27.87,"M",178.17,"Yes",4,"No"
"299",39.97,40.14,"M",183.11,"No",1,"No"
"300",73.71,63.15,"M",172.48,"No",3,"No"
"301",100.43,25.53,"F",157.26,"Yes",3,"No"
"302",95.09,23.79,"M",182.57,"Yes",5,"No"
"303",129.09,34.61,"F",161.69,"Yes",3,"Yes"
"304",93.69,30.6,"M",175.98,"Yes",1,"Yes"
"305",70.12,30.82,"F",165.94,"Yes",1,"No"
"306",79.99,23.14,"M",173.5,"Yes",1,"No"
"307",103.57,32.41,"F",163.07,"Yes",2,"No"
"308",99,22.74,"F",168.2,"Yes",4,"Yes"
"309",85.84,63.89,"F",168.25,"No",2,"No"
"310",113.52,62.36,"M",179.54,"Yes",4,"No"
"311",72.03,62.07,"F",159.75,"No",1,"Yes"
"312",73.43,56.98,"M",173.9,"Yes",2,"No"
"313",100.34,49.9,"M",172.17,"Yes",1,"Yes"
"314",94.53,21.9,"F",156.87,"Yes",3,"No"
"315",72.67,30.78,"F",162.63,"No",1,"No"
"316",78.57,27.88,"M",169.17,"No",4,"No"
"317",141.73,39.43,"M",176.17,"Yes",5,"Yes"
"318",88.14,27.95,"M",182.06,"No",4,"No"
"319",147.78,27.36,"F",155.25,"Yes",7,"Yes"
"320",107.95,29.87,"M",181.04,"Yes",3,"Yes"
"321",91.4,32.23,"F",169.56,"No",3,"No"
"322",159.53,60.73,"M",172.5,"Yes",6,"Yes"
"323",61.86,52.89,"M",169.13,"No",3,"No"
"324",81.02,55.32,"F",163.5,"Yes",2,"No"
"325",110.13,61.16,"F",164.22,"Yes",3,"No"
"326",79.8,31.96,"F",164.66,"No",5,"No"
"327",73.84,33.88,"F",157.15,"Yes",2,"No"
"328",103.93,54.55,"F",161.22,"Yes",2,"Yes"
"329",82.48,68.34,"M",177.57,"Yes",2,"No"
"330",137,26.84,"M",175.95,"No",8,"No"
"331",120.03,31.22,"F",166.85,"Yes",6,"Yes"
"332",88.05,26.18,"F",156.53,"Yes",2,"No"
"333",84.02,29.69,"M",184.61,"No",4,"No"
"334",106.37,35.99,"M",185.74,"Yes",2,"No"
"335",81.44,36.89,"F",160.62,"No",5,"No"
"336",94.03,38.39,"M",174.81,"Yes",1,"No"
"337",67.81,54.58,"F",162.09,"No",2,"No"
"338",95.69,68.78,"M",181.15,"Yes",4,"No"
"339",92.13,36.75,"M",190.63,"No",4,"No"
"340",74.11,50.48,"F",171.55,"Yes",2,"No"
"341",89.74,30.88,"F",159.76,"Yes",1,"No"
"342",137.66,63.28,"F",151.94,"Yes",4,"Yes"
"343",74.34,40.06,"M",173.85,"No",1,"No"
"344",69.29,35.65,"F",160.55,"Yes",2,"No"
"345",135.76,42.09,"F",165.26,"Yes",8,"Yes"
"346",123.27,26.33,"F",160.28,"Yes",4,"No"
"347",105.86,39.4,"M",174.72,"Yes",2,"No"
"348",126.72,68.42,"M",170.48,"Yes",4,"No"
"349",79.93,20.47,"F",165.78,"Yes",2,"No"
"350",81.33,38.19,"M",182.52,"No",3,"No"
"351",70.65,25.35,"M",169.06,"Yes",2,"No"
"352",58.87,32.98,"F",160.07,"Yes",1,"No"
"353",81.76,54.64,"M",179.24,"No",4,"No"
"354",71.17,40.49,"M",171.81,"Yes",2,"No"
"355",121.03,28.67,"F",165.77,"Yes",6,"Yes"
"356",116.95,28.61,"M",173.15,"Yes",6,"No"
"357",98.23,40.85,"F",163.59,"Yes",4,"No"
"358",80.45,46.67,"M",167.93,"No",3,"No"
"359",90.3,61.62,"F",159.4,"Yes",2,"No"
"360",98.07,23.16,"M",186.45,"Yes",3,"No"
"361",99.69,41.63,"M",183.02,"Yes",3,"No"
"362",98.53,50.86,"F",161.79,"Yes",4,"No"
"363",89.35,36.32,"F",162.79,"Yes",2,"No"
"364",59.05,21.09,"F",163.63,"No",1,"No"
"365",95.6,47,"M",179.74,"Yes",3,"No"
"366",123.94,22.59,"F",159.86,"Yes",5,"No"
"367",95.41,48.69,"F",159.88,"Yes",3,"No"
"368",95.04,62.54,"F",168.18,"Yes",2,"Yes"
"369",76.78,68.72,"F",170.76,"Yes",2,"Yes"
"370",51.84,24.91,"F",157.22,"No",2,"No"
"371",114.09,63.28,"F",163.83,"No",4,"Yes"
"372",79.9,55.88,"M",173.4,"Yes",1,"No"
"373",73.81,32.3,"M",186.4,"Yes",2,"No"
"374",90.46,21.23,"M",173.72,"Yes",2,"No"
"375",71.78,64.55,"M",168.09,"No",2,"Yes"
"376",117.07,64.23,"F",165.97,"Yes",3,"No"
"377",89.03,23.07,"F",161.58,"Yes",2,"No"
"378",89.78,27.26,"F",172.43,"No",2,"Yes"
"379",112.5,63.19,"F",153.06,"Yes",3,"Yes"
"380",85.18,64.4,"M",171.11,"Yes",3,"No"
"381",95.15,29.92,"F",168.23,"Yes",3,"No"
"382",97.92,32.54,"F",170.53,"Yes",3,"No"
"383",96.9,39.51,"M",173.17,"Yes",2,"No"
"384",89.1,27.87,"F",163.82,"Yes",3,"No"
"385",133.29,26.23,"M",172.18,"Yes",5,"No"
"386",90.71,37.62,"F",156.66,"No",6,"No"
"387",90.36,41.86,"M",173,"No",3,"No"
"388",102.65,21.96,"M",174.1,"Yes",3,"No"
"389",119.61,63.26,"M",183.15,"Yes",3,"No"
"390",85.39,22.63,"F",167.42,"Yes",2,"No"
"391",110,26.81,"M",176.46,"Yes",4,"No"
"392",81.66,61.48,"F",161.3,"Yes",2,"No"
"393",84.65,39.38,"F",168.07,"Yes",2,"No"
"394",62.15,46.63,"M",173.25,"Yes",1,"No"
"395",98.52,64.22,"F",161.93,"Yes",4,"No"
"396",76.99,57,"M",170.64,"No",3,"No"
"397",90.51,62.8,"M",172.56,"No",4,"No"
"398",84.04,57.9,"F",174.61,"Yes",1,"No"
"399",79.32,36.94,"M",168.3,"Yes",2,"No"
"400",90.67,42.16,"M",162.44,"Yes",3,"No"
"401",88.23,55.8,"F",160.87,"No",4,"No"
"402",82.33,60.13,"F",158.23,"Yes",3,"No"
"403",103.27,30.87,"M",179.95,"Yes",3,"Yes"
"404",74.9,54.19,"F",164.4,"Yes",2,"No"
"405",57.88,22.99,"M",166.82,"No",3,"No"
"406",62.49,46.12,"F",171.27,"Yes",1,"No"
"407",87.44,44.49,"F",167.21,"No",2,"No"
"408",96.16,31.62,"M",178.65,"Yes",4,"No"
"409",117.67,47.22,"F",157.15,"Yes",4,"No"
"410",108.21,69.85,"M",174.08,"Yes",4,"No"
"411",73.03,42.31,"M",169.4,"Yes",2,"No"
"412",65.29,56.09,"M",172.95,"No",3,"No"
"413",105.04,28.44,"F",156.14,"Yes",4,"No"
"414",83.48,46.31,"M",168.18,"Yes",2,"No"
"415",85.58,20.94,"M",176.63,"Yes",2,"No"
"416",98.29,50.94,"M",173.23,"Yes",2,"Yes"
"417",113.74,23.88,"M",180.56,"No",5,"No"
"418",91.29,58.54,"F",165.14,"No",3,"Yes"
"419",90.93,25.72,"F",173.88,"Yes",4,"No"
"420",72.41,29.28,"M",175.17,"Yes",1,"No"
"421",87.73,46.99,"M",181.28,"Yes",1,"No"
"422",112.07,50.42,"F",161.16,"Yes",5,"No"
"423",95.36,60.74,"F",162.55,"No",4,"Yes"
"424",115.94,54.45,"M",195.25,"Yes",3,"No"
"425",105.26,61.11,"M",187.04,"Yes",2,"No"
"426",78.34,60.73,"M",182.3,"No",3,"No"
"427",100.95,22.93,"F",157.74,"Yes",2,"Yes"
"428",95.01,29.24,"M",176.68,"Yes",2,"No"
"429",56.41,61.11,"M",177.59,"No",2,"No"
"430",108.15,49.86,"M",173.16,"Yes",3,"Yes"
"431",72,31.64,"M",172.1,"Yes",2,"No"
"432",104.88,61.47,"M",177.97,"Yes",2,"Yes"
"433",94.77,24.53,"M",172.15,"No",4,"No"
"434",73.51,63.23,"F",170.4,"No",4,"No"
"435",81.59,47.35,"M",179.24,"No",5,"No"
"436",121.65,51.86,"F",166.75,"Yes",4,"No"
"437",99.05,46.23,"F",164.46,"No",4,"No"
"438",46.68,23.81,"F",158.16,"No",1,"No"
"439",83.51,27.6,"F",159.95,"Yes",3,"No"
"440",174.61,50.55,"F",160.37,"Yes",7,"Yes"
"441",82.25,26.66,"M",178.61,"Yes",3,"No"
"442",100.65,43.45,"F",154.88,"Yes",3,"Yes"
"443",107.29,68.77,"F",148.96,"Yes",2,"No"
"444",90.65,64.24,"F",163.86,"Yes",2,"No"
"445",62.8,65.92,"F",160.34,"No",2,"No"
"446",65.72,23.16,"F",160.41,"Yes",2,"No"
"447",123.74,33.16,"M",173.88,"Yes",4,"No"
"448",80.06,45.28,"M",180.46,"Yes",1,"No"
"449",92.96,44.36,"M",176,"No",3,"No"
"450",92.83,38.71,"F",162.58,"Yes",1,"No"
"451",113.64,26.33,"F",156.68,"Yes",5,"No"
"452",51.7,40.74,"M",176.48,"No",1,"No"
"453",63.88,25.87,"F",152.24,"No",3,"No"
"454",89.97,22.52,"M",160.33,"No",3,"No"
"455",132.06,40.49,"F",162.14,"Yes",6,"No"
"456",80.44,39.7,"F",169.6,"Yes",2,"No"
"457",115.16,26.99,"F",167.58,"Yes",3,"No"
"458",98.19,67.56,"M",189.97,"Yes",2,"Yes"
"459",95.82,39.3,"F",167.94,"Yes",2,"No"
"460",86.86,68.9,"F",161.49,"Yes",2,"No"
"461",54.01,39.79,"F",166.03,"No",2,"Yes"
"462",106.35,49.74,"F",177.76,"Yes",2,"Yes"
"463",111.4,67.68,"M",170.6,"No",4,"No"
"464",110.69,60.5,"M",183.17,"Yes",4,"No"
"465",116.75,55.95,"M",173.96,"Yes",3,"No"
"466",68.35,30,"F",161.98,"Yes",2,"No"
"467",84.19,22.51,"F",158.57,"No",2,"Yes"
"468",64.97,21.32,"M",170.66,"Yes",2,"No"
"469",116.36,55.76,"F",165.33,"Yes",3,"No"
"470",80.55,28.59,"M",192.74,"Yes",2,"No"
"471",94.81,67.52,"M",170.53,"Yes",2,"No"
"472",89.58,20.55,"M",171.3,"No",5,"No"
"473",116.44,64.75,"F",167.64,"Yes",3,"No"
"474",102.1,51.01,"F",166.16,"Yes",3,"No"
"475",148.06,62.63,"F",159.01,"Yes",6,"No"
"476",108.91,58.1,"M",178.58,"Yes",3,"No"
"477",98.64,32.97,"F",162.7,"Yes",2,"No"
"478",109.77,33.92,"F",157.25,"Yes",5,"No"
"479",70.79,35.76,"M",181.04,"Yes",2,"No"
"480",109.06,63.09,"M",178.1,"Yes",4,"No"
"481",87.42,32.69,"M",177.72,"Yes",2,"No"
"482",101.74,46.26,"F",160.74,"Yes",3,"Yes"
"483",116.19,40.54,"F",162.18,"Yes",3,"Yes"
"484",92.85,51.58,"F",166.12,"Yes",3,"No"
"485",106.66,29.01,"F",167.19,"Yes",2,"Yes"
"486",104.51,60.7,"F",154.94,"Yes",3,"Yes"
"487",89.71,57.42,"M",185.87,"No",3,"No"
"488",118.51,26.37,"F",156.87,"Yes",4,"No"
"489",85.98,48.89,"F",165.21,"No",3,"No"
"490",119.17,67.42,"M",184.32,"Yes",4,"Yes"
"491",43.77,21.31,"F",153.75,"No",1,"No"
"492",63.92,64.79,"F",161.91,"No",3,"No"
"493",98.16,60.42,"M",180.38,"Yes",2,"No"
"494",79.86,50.98,"M",177.64,"No",2,"No"
"495",72.93,63.44,"F",150.01,"Yes",2,"No"
"496",98.36,44.87,"M",181.11,"Yes",4,"No"
"497",77.86,45.33,"F",174.35,"Yes",1,"No"
"498",115.45,41.54,"F",165.52,"Yes",3,"No"
"499",96.26,44.1,"M",172.81,"Yes",4,"Yes"
"500",64.72,26.32,"M",170.32,"No",2,"No"
"501",99.48,57.98,"F",163.89,"No",3,"No"
"502",76.08,56.45,"F",161.63,"No",2,"No"
"503",100.15,67.32,"M",170.61,"No",5,"No"
"504",83.35,40.97,"M",172.74,"Yes",2,"No"
"505",111.64,35.26,"M",177.83,"Yes",4,"Yes"
"506",82.56,28.94,"M",175.44,"Yes",3,"No"
"507",98.29,38.82,"F",149.65,"Yes",2,"Yes"
"508",84.83,34.89,"F",163.67,"Yes",2,"No"
"509",110.26,25.08,"M",165.05,"No",4,"Yes"
"510",87.7,68.92,"F",162.01,"Yes",3,"No"
"511",103.28,57.39,"F",165.73,"Yes",5,"No"
"512",53.06,42.93,"F",163.03,"No",2,"No"
"513",73.18,29.55,"M",180.96,"Yes",2,"No"
"514",72.21,68.28,"M",167.72,"No",1,"No"
"515",130.72,43.99,"F",160.63,"Yes",6,"No"
"516",82.84,58.68,"M",174.41,"Yes",3,"No"
"517",74.81,21.3,"M",169.17,"No",2,"No"
"518",68.61,41.15,"F",155.8,"Yes",2,"No"
"519",105.35,51.47,"M",167.39,"Yes",3,"Yes"
"520",92.54,48.39,"F",157.74,"Yes",2,"No"
"521",79.76,44.57,"M",182.83,"Yes",2,"No"
"522",114.87,44.32,"M",190.52,"Yes",4,"No"
"523",95.65,36.84,"M",185.15,"No",6,"No"
"524",98.09,53.57,"M",178.22,"Yes",4,"No"
"525",104.03,49.34,"F",171.28,"Yes",3,"No"
"526",99.46,43.77,"F",159.52,"Yes",5,"No"
"527",98.14,28,"F",155.72,"Yes",2,"No"
"528",58.86,48.35,"F",165,"No",2,"No"
"529",69.21,38.33,"M",172.12,"No",1,"No"
"530",61.28,35.57,"M",188.98,"No",2,"No"
"531",97.6,30.51,"F",166.19,"No",4,"No"
"532",89.8,35.46,"F",159.73,"Yes",2,"No"
"533",94.15,61.6,"F",167.7,"Yes",4,"No"
"534",80.93,22.55,"M",174.03,"No",3,"No"
"535",97.28,55.95,"F",167.24,"No",3,"No"
"536",110.5,56.24,"M",183.43,"Yes",2,"No"
"537",115.36,32.55,"F",168.07,"Yes",3,"No"
"538",130.98,38.31,"M",176.21,"No",5,"Yes"
"539",133.78,67.78,"M",181.73,"Yes",6,"No"
"540",95.27,42.05,"M",173.68,"Yes",3,"No"
"541",78.6,25.04,"M",174.39,"No",2,"No"
"542",91.95,60.85,"F",154.14,"No",4,"No"
"543",109.49,69.25,"F",168.13,"Yes",4,"No"
"544",83.22,49.34,"F",152.29,"Yes",2,"No"
"545",86.3,44.77,"M",170.45,"Yes",2,"No"
"546",133.19,67.8,"M",177.43,"Yes",4,"Yes"
"547",103.79,48.74,"F",156.21,"Yes",1,"Yes"
"548",121.74,23.03,"M",159.86,"Yes",5,"No"
"549",93.94,33.66,"F",154.45,"Yes",3,"No"
"550",119.06,68.83,"F",162.64,"Yes",3,"Yes"
"551",114.17,30.43,"M",173.14,"Yes",4,"No"
"552",95.34,39.73,"F",166.25,"Yes",3,"No"
"553",96.71,61.14,"M",184.28,"No",5,"No"
"554",76.98,27.93,"M",171.68,"Yes",3,"No"
"555",74.87,64.73,"F",165.98,"No",3,"No"
"556",92.43,68.01,"M",174.33,"Yes",3,"No"
"557",95.82,51.62,"M",177.34,"No",4,"No"
"558",105.11,54.93,"F",164.63,"Yes",2,"No"
"559",102.08,47.04,"F",171.93,"No",3,"Yes"
"560",81.42,27.64,"F",161.01,"Yes",2,"No"
"561",88.89,31.01,"F",171.26,"Yes",2,"No"
"562",132.46,35.76,"F",166.82,"Yes",4,"Yes"
"563",99.42,66.94,"F",169.43,"Yes",4,"No"
"564",76.65,28.69,"M",174.11,"Yes",1,"No"
"565",138.4,34,"F",167.79,"Yes",4,"Yes"
"566",92.92,21.63,"F",166.5,"Yes",3,"Yes"
"567",121.09,30.26,"F",155.01,"Yes",4,"No"
"568",109.22,39.85,"M",176.82,"Yes",3,"No"
"569",82.06,30.44,"F",160.81,"Yes",2,"Yes"
"570",80.74,37.04,"M",184.05,"Yes",1,"No"
"571",86.05,37.47,"M",163.96,"No",2,"No"
"572",110.07,26.15,"F",158.8,"Yes",3,"No"
"573",99.39,35.97,"F",166.54,"Yes",2,"No"
"574",92.82,66.41,"F",170.26,"No",2,"No"
"575",100.9,22.65,"F",160.4,"Yes",3,"Yes"
"576",136.29,61.29,"M",165.57,"Yes",6,"No"
"577",84.48,39.67,"F",166.06,"No",2,"No"
"578",78.56,31.74,"F",159.53,"Yes",2,"No"
"579",98.17,49.05,"F",158.53,"Yes",3,"No"
"580",114.21,63.81,"F",159.18,"Yes",4,"Yes"
"581",88.32,62.66,"F",156.2,"Yes",2,"No"
"582",98.79,69.48,"F",158.67,"Yes",2,"No"
"583",97.59,20.45,"F",168.47,"Yes",3,"No"
"584",70.39,37.55,"M",176.22,"Yes",2,"No"
"585",68.04,33.09,"M",165.27,"No",2,"No"
"586",64.19,48.69,"M",184.06,"Yes",1,"No"
"587",90.31,23.25,"F",163.12,"Yes",1,"Yes"
"588",100.32,55.75,"M",167.8,"No",5,"No"
"589",116.16,30.39,"F",153.22,"Yes",4,"No"
"590",104.91,36.54,"M",176.14,"No",4,"No"
"591",88.14,65.06,"M",157.29,"Yes",1,"Yes"
"592",99.88,33.71,"F",160.1,"Yes",2,"No"
"593",72.14,57.47,"M",173.62,"No",2,"No"
"594",92.23,35.1,"M",175.36,"Yes",1,"No"
"595",126.42,61.47,"F",166.28,"Yes",4,"No"
"596",102.62,30.07,"F",157.73,"Yes",4,"Yes"
"597",100.86,60.79,"M",191.66,"Yes",3,"Yes"
"598",79.14,39.39,"M",173.02,"No",5,"No"
"599",106.69,21.34,"F",158.09,"Yes",3,"No"
"600",115.01,21.15,"M",165.72,"Yes",4,"Yes"
"601",116.53,54.81,"M",181.41,"Yes",5,"Yes"
"602",65.55,48.55,"M",178.59,"Yes",1,"No"
"603",117,49.26,"M",174.24,"No",8,"No"
"604",69.08,64.9,"M",174.87,"No",3,"No"
"605",130.14,33.7,"F",158.59,"Yes",5,"No"
"606",60.16,22.31,"M",182.73,"Yes",1,"No"
"607",94.23,36.29,"M",195.27,"Yes",2,"Yes"
"608",88.96,50.42,"M",173.89,"No",2,"No"
"609",84.25,36.22,"F",162.54,"No",5,"No"
"610",83.72,66.59,"F",158.51,"Yes",1,"No"
"611",112.09,47.75,"M",181,"Yes",3,"No"
"612",87.6,55.01,"M",174.75,"Yes",1,"No"
"613",111.86,62.57,"F",163.86,"Yes",2,"No"
"614",86.66,33.07,"F",163.02,"Yes",2,"No"
"615",73.82,65.89,"F",170.84,"No",3,"No"
"616",96.57,50.05,"F",169.6,"Yes",2,"No"
"617",57.27,39.35,"M",173.65,"No",2,"No"
"618",112.21,61.09,"M",173.39,"Yes",5,"No"
"619",118.01,64.48,"M",184.07,"Yes",3,"Yes"
"620",74.91,38.29,"M",164.92,"Yes",2,"No"
"621",96.34,63.62,"M",177.96,"Yes",3,"No"
"622",132.75,64.53,"F",166.75,"Yes",5,"No"
"623",110.38,35.09,"M",172.99,"Yes",5,"No"
"624",74.84,24.42,"F",164.5,"Yes",2,"No"
"625",102.49,49.11,"M",170.04,"Yes",3,"No"
"626",77.02,43.33,"M",163.47,"Yes",2,"No"
"627",96.17,22.29,"F",167.63,"Yes",3,"No"
"628",69.39,41.48,"F",153.88,"No",3,"No"
"629",125.45,31.47,"F",163.8,"Yes",7,"No"
"630",86.51,21.59,"F",155.46,"Yes",3,"Yes"
"631",81.36,46.47,"M",171.77,"Yes",2,"No"
"632",137.8,60.42,"M",175.52,"No",7,"No"
"633",82.7,62.05,"M",176.64,"Yes",3,"No"
"634",74.58,58.81,"M",172.35,"No",3,"No"
"635",112.5,26.73,"M",180.95,"No",6,"Yes"
"636",60.91,28.18,"M",164.12,"Yes",1,"No"
"637",94.64,61.4,"F",162.87,"Yes",1,"No"
"638",92.63,58.32,"F",159.6,"No",3,"No"
"639",85.41,68.8,"M",180.26,"No",2,"No"
"640",117.02,41.56,"M",171.74,"Yes",4,"Yes"
"641",101.61,39.56,"F",168.09,"Yes",4,"No"
"642",93.7,21.24,"F",166.41,"Yes",2,"Yes"
"643",87.72,45.37,"F",160.88,"Yes",2,"No"
"644",103.76,34.84,"M",174.59,"Yes",5,"No"
"645",85.72,31.3,"F",163.8,"Yes",3,"No"
"646",96.83,48.81,"F",157.21,"No",3,"No"
"647",104.07,43.19,"F",158.94,"No",6,"Yes"
"648",95.88,39.66,"F",159.4,"Yes",4,"No"
"649",70.55,41.17,"M",172.63,"Yes",2,"No"
"650",111.2,69.69,"F",170.68,"Yes",4,"No"
"651",73.22,57.77,"F",166.55,"Yes",2,"No"
"652",94.39,53.66,"M",175.63,"Yes",1,"No"
"653",88.86,34.72,"F",160.78,"Yes",2,"No"
"654",106.51,39.61,"M",175.59,"Yes",3,"No"
"655",90.61,39.36,"F",166.89,"Yes",1,"No"
"656",69.95,21.74,"F",158.45,"No",4,"No"
"657",89.65,45.3,"M",163.4,"Yes",3,"No"
"658",132.99,29.61,"M",167.44,"Yes",5,"Yes"
"659",94,31.25,"M",177.75,"Yes",2,"No"
"660",122.01,20.96,"F",162.25,"Yes",4,"No"
"661",92.11,23.75,"F",166.04,"Yes",2,"No"
"662",81.5,46.66,"M",172.82,"Yes",3,"No"
"663",115.34,58.13,"M",181.78,"Yes",5,"No"
"664",99.51,43.96,"M",169.11,"Yes",2,"Yes"
"665",121.38,36.31,"M",172.94,"Yes",2,"Yes"
"666",98.2,67.48,"F",168.89,"Yes",2,"Yes"
"667",130.97,36.5,"F",170.15,"Yes",5,"No"
"668",88.94,26.39,"F",163,"Yes",1,"No"
"669",89.36,62.46,"M",168.52,"Yes",2,"No"
"670",74.29,39.67,"F",157.85,"Yes",2,"No"
"671",97.77,52.25,"F",161.56,"Yes",3,"No"
"672",59.72,33.65,"F",157.81,"No",1,"No"
"673",98.57,53.62,"F",163.12,"Yes",1,"No"
"674",92.6,37.75,"M",176.96,"Yes",1,"Yes"
"675",97.08,52.92,"F",162.51,"Yes",1,"No"
"676",96.56,36.23,"M",175.26,"Yes",4,"No"
"677",121.64,27.02,"M",168.66,"Yes",4,"No"
"678",46.45,48.5,"F",162.07,"No",1,"No"
"679",104.8,25.18,"M",177.43,"Yes",2,"Yes"
"680",85.73,24.27,"M",174.19,"Yes",3,"No"
"681",110.68,63.98,"F",166.84,"Yes",4,"No"
"682",116.92,53.57,"F",162.28,"Yes",4,"Yes"
"683",78.07,27.18,"F",162.14,"No",2,"No"
"684",96.58,68.78,"M",179.85,"Yes",3,"No"
"685",99.51,64.11,"M",178.55,"No",2,"Yes"
"686",107.51,20.23,"F",167.83,"Yes",3,"No"
"687",120.81,44.75,"M",169.8,"Yes",4,"No"
"688",90.11,43.44,"F",159.82,"Yes",2,"No"
"689",126.4,56.36,"F",166.63,"Yes",5,"No"
"690",83.92,49.31,"F",160.42,"Yes",2,"No"
"691",95.95,67.85,"F",165.28,"Yes",2,"No"
"692",103.15,61.09,"M",173.47,"Yes",3,"No"
"693",109.58,22.35,"M",195.62,"Yes",6,"No"
"694",92.87,41.5,"F",169.08,"Yes",3,"No"
"695",119.03,46.35,"M",179.44,"Yes",3,"Yes"
"696",174.2,62.45,"M",172.64,"Yes",9,"No"
"697",105.34,61.22,"F",163.45,"Yes",3,"No"
"698",80.33,33.28,"M",184.04,"Yes",1,"Yes"
"699",77.76,31.69,"M",178.67,"Yes",3,"No"
"700",51.9,28.67,"M",184.55,"No",2,"No"
"701",123.79,33.99,"M",178.34,"Yes",6,"No"
"702",97,27.19,"F",158.08,"Yes",3,"No"
"703",133.91,34.85,"F",153.18,"Yes",6,"No"
"704",105.7,36.31,"M",171.65,"Yes",3,"No"
"705",63.97,64.36,"F",162.52,"Yes",1,"No"
"706",113.88,63.99,"M",173.27,"Yes",3,"No"
"707",73.85,69.31,"F",170.53,"No",2,"No"
"708",92.3,27.05,"F",164.99,"Yes",3,"Yes"
"709",128.91,65.25,"F",168.36,"Yes",4,"No"
"710",129.17,56.83,"M",195.88,"Yes",4,"Yes"
"711",117.75,44.47,"M",174.55,"Yes",4,"No"
"712",124.15,50.49,"M",172.55,"Yes",4,"No"
"713",90.91,31.09,"F",168.53,"No",6,"No"
"714",98.2,53.96,"M",163.42,"Yes",2,"No"
"715",105.74,32.08,"M",165.89,"Yes",3,"No"
"716",78.85,43.65,"F",164.2,"No",4,"No"
"717",60.7,29.21,"M",171,"No",3,"No"
"718",86.57,55.35,"F",163.14,"No",5,"No"
"719",49.32,38.84,"F",156.89,"No",2,"No"
"720",92.5,20.56,"F",162.25,"Yes",1,"No"
"721",109.24,43.34,"M",169.61,"Yes",4,"No"
"722",93.34,20.84,"M",168.32,"Yes",1,"No"
"723",88.05,29.19,"F",159.88,"No",4,"No"
"724",111.58,63.53,"F",159.22,"Yes",2,"Yes"
"725",118.28,62.72,"M",166.27,"Yes",5,"No"
"726",113.61,31.6,"M",179.62,"Yes",3,"No"
"727",81.81,60.73,"M",187.92,"No",4,"No"
"728",94.22,54.63,"F",163.31,"Yes",3,"No"
"729",91.54,30.13,"F",164.8,"No",3,"No"
"730",88.61,62.79,"M",182.73,"Yes",2,"No"
"731",124.91,27.71,"M",186.26,"Yes",6,"No"
"732",91.48,39.35,"F",159.94,"Yes",2,"No"
"733",118.78,23.75,"F",163.47,"Yes",4,"No"
"734",114.68,63.26,"F",166.72,"Yes",3,"No"
"735",63.47,28.91,"F",155.73,"Yes",1,"No"
"736",119.87,23.2,"M",173.24,"Yes",4,"No"
"737",122.53,40.49,"M",177.64,"No",5,"Yes"
"738",71.13,46.11,"M",170.8,"Yes",2,"No"
"739",98.09,57.56,"F",169.49,"No",4,"No"
"740",87.27,51.83,"M",185.12,"Yes",1,"No"
"741",69.87,26.09,"F",159.12,"Yes",2,"No"
"742",118.78,64.37,"F",163.86,"Yes",3,"Yes"
"743",79.88,56.83,"M",187.34,"Yes",2,"No"
"744",92.25,56.79,"M",170.5,"Yes",4,"No"
"745",103.08,24.7,"M",173.83,"Yes",2,"No"
"746",97.51,27.1,"M",170.63,"No",4,"No"
"747",116.64,54.3,"F",172.41,"Yes",3,"No"
"748",108.18,51.94,"F",158.65,"Yes",4,"Yes"
"749",97.94,42.77,"F",157.04,"Yes",4,"No"
"750",119.06,58.28,"M",171.26,"Yes",4,"Yes"
"751",68.63,48.13,"M",182.18,"No",1,"No"
"752",67.11,62.94,"F",161.82,"No",2,"No"
"753",113.61,60.64,"F",165.19,"Yes",5,"No"
"754",66.62,31.61,"F",171.57,"No",3,"No"
"755",70.26,64.32,"F",162.85,"No",3,"Yes"
"756",78.04,29.07,"M",169.92,"No",4,"No"
"757",100.04,20.65,"M",176.48,"Yes",2,"No"
"758",58.36,39.02,"M",183.58,"No",3,"No"
"759",88.41,63.88,"M",187.46,"No",3,"No"
"760",49.34,54.93,"M",170.97,"No",1,"No"
"761",118.82,65.29,"M",174.8,"Yes",4,"No"
"762",77.91,58.91,"M",169.63,"Yes",2,"No"
"763",61.67,49.15,"F",165.5,"Yes",1,"No"
"764",123.51,53.47,"M",169.78,"Yes",5,"No"
"765",128.67,24.77,"F",162.04,"Yes",6,"No"
"766",79.84,30.8,"F",163.06,"Yes",3,"No"
"767",123.56,55.6,"F",160.28,"Yes",4,"No"
"768",103.22,68.64,"M",166.27,"Yes",2,"No"
"769",117.65,61.2,"M",170.02,"Yes",3,"No"
"770",121.6,37.33,"M",178.33,"Yes",4,"No"
"771",83.68,46.06,"M",191.52,"No",3,"No"
"772",63.37,51.42,"F",168.97,"No",1,"Yes"
"773",101.94,37.8,"F",163.88,"Yes",2,"No"
"774",85.08,42.17,"M",174.2,"Yes",2,"No"
"775",108.45,60.89,"M",187.85,"Yes",3,"No"
"776",85.6,66.05,"F",161.02,"Yes",1,"No"
"777",142.95,43.18,"F",164.67,"Yes",5,"Yes"
"778",92.1,21.04,"M",183.29,"Yes",3,"No"
"779",95.62,20.56,"M",167.86,"Yes",4,"No"
"780",73,40.04,"M",172.98,"Yes",2,"No"
"781",59.74,38.81,"F",165.35,"No",2,"No"
"782",99.54,21.16,"M",168.18,"Yes",1,"Yes"
"783",113.4,52.98,"M",175.42,"Yes",2,"Yes"
"784",78.31,57.61,"M",159.56,"Yes",1,"No"
"785",62.93,34.21,"F",174.63,"No",2,"No"
"786",92.1,51.09,"M",173.29,"Yes",1,"No"
"787",116.99,60.35,"F",166.94,"Yes",3,"No"
"788",79.2,41.48,"F",157.6,"Yes",3,"No"
"789",87.19,21.27,"M",178.5,"Yes",3,"No"
"790",84.24,43.98,"M",175.66,"No",5,"No"
"791",110.04,57.48,"F",165,"Yes",4,"Yes"
"792",87.3,50.05,"F",160.74,"No",3,"No"
"793",90.9,31.24,"M",171.8,"No",5,"No"
"794",87.7,27.29,"M",159.46,"Yes",3,"No"
"795",101.17,35.58,"M",172.42,"No",4,"No"
"796",80.1,46.35,"M",181.58,"Yes",1,"No"
"797",110.92,50.78,"F",167.76,"Yes",1,"Yes"
"798",74.26,37.38,"M",171.21,"No",4,"No"
"799",126.03,56.59,"M",176.66,"Yes",4,"No"
"800",106.3,67.84,"F",167.2,"Yes",2,"No"
"801",77.26,50.11,"F",163.14,"No",3,"No"
"802",48.31,23.17,"F",156.25,"No",2,"No"
"803",99.45,26.26,"M",176.97,"No",3,"Yes"
"804",89.7,47.96,"M",176.87,"No",2,"Yes"
"805",109.95,32,"M",177.43,"Yes",4,"No"
"806",80.63,50.91,"F",165.86,"No",2,"No"
"807",104.74,60.63,"M",172.6,"Yes",3,"No"
"808",96.57,25.72,"M",173.32,"No",4,"No"
"809",88.6,29.15,"M",180.2,"Yes",4,"No"
"810",60.71,43.02,"F",158.69,"No",1,"No"
"811",70.7,34.45,"F",157.84,"No",3,"Yes"
"812",109.27,45.27,"F",157.03,"Yes",4,"No"
"813",116.19,31.55,"F",156.57,"Yes",5,"No"
"814",109.36,56.66,"M",170.37,"Yes",4,"No"
"815",103.76,40.83,"F",155.48,"Yes",3,"No"
"816",108.31,66.99,"F",170.17,"Yes",2,"Yes"
"817",88.23,37.94,"M",174.23,"Yes",1,"No"
"818",104.29,45.59,"M",169.52,"No",5,"No"
"819",63.35,40.12,"F",158.77,"No",1,"Yes"
"820",114.04,20.95,"M",175.63,"Yes",3,"No"
"821",89.72,32.64,"F",160,"Yes",3,"No"
"822",67.98,69.25,"M",168.69,"No",1,"No"
"823",67.65,67.84,"F",165.18,"No",1,"No"
"824",51.47,52.79,"M",172.7,"No",2,"No"
"825",114.53,47.11,"M",172.1,"Yes",3,"No"
"826",107.12,62.1,"F",158.77,"No",5,"No"
"827",88.86,44.41,"M",173.88,"Yes",3,"No"
"828",92.61,26.08,"F",162.83,"Yes",4,"No"
"829",101.79,29.39,"M",187.02,"Yes",3,"No"
"830",128.13,62.9,"F",157.79,"Yes",4,"No"
"831",67.61,50.8,"M",175.16,"No",2,"No"
"832",107.25,30.33,"M",176.39,"Yes",3,"No"
"833",99.9,49.77,"M",177.78,"Yes",3,"No"
"834",111.8,43.01,"F",161.66,"No",6,"No"
"835",132.53,61.2,"M",167.69,"No",7,"No"
"836",59.01,22.74,"F",160.07,"No",2,"Yes"
"837",96.34,22.93,"F",172.96,"Yes",1,"Yes"
"838",78.77,24.58,"M",169.18,"Yes",2,"No"
"839",51.1,32.42,"M",177.08,"No",2,"No"
"840",108.45,31.29,"F",171.29,"No",3,"Yes"
"841",94.15,20.4,"F",159.14,"Yes",2,"No"
"842",98.33,51.71,"M",158.24,"Yes",3,"Yes"
"843",109.48,38.94,"M",170.82,"No",6,"No"
"844",86.3,68.77,"F",162.35,"Yes",1,"Yes"
"845",81.26,46.89,"M",183.21,"Yes",3,"No"
"846",74.54,54.55,"F",152.49,"Yes",1,"Yes"
"847",91.77,40.3,"F",156.38,"Yes",4,"No"
"848",91.92,40.86,"M",179.75,"Yes",2,"Yes"
"849",74.61,27.59,"F",172.05,"Yes",2,"No"
"850",95.53,28.18,"F",150.92,"Yes",3,"No"
"851",64.2,29.92,"F",164.59,"No",1,"No"
"852",82.3,42.81,"M",168.47,"Yes",2,"No"
"853",111.33,54.94,"M",179.74,"Yes",3,"No"
"854",91.62,69.31,"M",182.28,"Yes",2,"No"
"855",110.11,67.74,"M",198.35,"Yes",3,"No"
"856",97.27,42.93,"F",154.97,"Yes",4,"No"
"857",82.62,64.22,"F",158.74,"No",3,"Yes"
"858",86.59,26.28,"F",161.89,"Yes",1,"No"
"859",92.19,44.74,"M",161,"Yes",3,"No"
"860",112.54,20.68,"F",162.82,"Yes",4,"No"
"861",114.2,41.04,"F",167.23,"No",5,"No"
"862",44.65,56.73,"F",167.39,"No",1,"No"
"863",96.27,45.99,"M",179.63,"No",3,"No"
"864",100.68,28.34,"F",173.8,"Yes",2,"No"
"865",68.17,45.43,"F",163.58,"No",2,"Yes"
"866",111.31,59.52,"M",176.12,"No",5,"No"
"867",88.29,37.34,"F",165.59,"No",4,"Yes"
"868",63.74,50.08,"F",163.27,"No",3,"No"
"869",97.06,62.91,"F",165.59,"Yes",1,"Yes"
"870",80.15,56.1,"F",160.1,"No",3,"No"
"871",132.54,32.76,"M",180.57,"Yes",6,"No"
"872",108.36,52.96,"F",167.51,"Yes",2,"No"
"873",88.31,25.21,"M",178.18,"Yes",3,"Yes"
"874",116.4,36.76,"F",158.4,"Yes",3,"No"
"875",61.71,56.58,"M",175.2,"No",2,"No"
"876",112.42,48.21,"M",178.57,"Yes",4,"No"
"877",75.16,45.16,"F",154.92,"No",1,"No"
"878",116.47,41.9,"F",165.51,"Yes",4,"No"
"879",117.36,40.91,"M",173.93,"Yes",3,"Yes"
"880",84.54,60.92,"M",177.11,"Yes",3,"No"
"881",81.5,23.03,"F",170.1,"Yes",2,"No"
"882",97.57,31.49,"F",156.33,"Yes",1,"Yes"
"883",90.67,21.48,"M",177.38,"Yes",3,"No"
"884",101.01,31.42,"M",180.8,"Yes",4,"No"
"885",116.8,52.44,"F",163.24,"Yes",4,"No"
"886",82.05,53.18,"M",164.62,"Yes",3,"No"
"887",58.74,29.67,"M",177.03,"Yes",1,"No"
"888",97.9,30.13,"F",169.26,"No",4,"No"
"889",101.3,57.45,"F",159.92,"No",3,"No"
"890",56.7,31.57,"F",161.52,"No",1,"No"
"891",96.85,27.82,"F",164.97,"Yes",1,"Yes"
"892",98.78,54.76,"M",174.16,"Yes",1,"No"
"893",70.26,25.8,"M",180.53,"No",4,"No"
"894",98.72,25.61,"M",167.46,"Yes",2,"No"
"895",87.2,60.72,"M",185.78,"Yes",2,"No"
"896",127.83,52.81,"F",163.96,"Yes",5,"Yes"
"897",57.58,68.25,"M",174.24,"No",2,"No"
"898",139.92,60.92,"F",168.89,"Yes",5,"No"
"899",96.56,29.95,"F",160.62,"Yes",3,"Yes"
"900",89.33,55.5,"M",169.45,"No",3,"No"
"901",94.82,20.27,"M",172.45,"No",3,"Yes"
"902",99.62,38.84,"F",159.14,"Yes",3,"No"
"903",92.88,61.95,"M",174.74,"Yes",1,"No"
"904",76.61,25,"F",159.27,"Yes",1,"No"
"905",96.78,55.49,"M",172.65,"Yes",1,"No"
"906",105.19,42.15,"F",165.51,"Yes",3,"No"
"907",74.62,45.81,"F",171.27,"No",2,"No"
"908",89.88,43.16,"M",176.95,"No",5,"No"
"909",126.74,55.6,"M",173.44,"Yes",5,"No"
"910",106.59,44.67,"F",168.55,"Yes",5,"No"
"911",128.22,28.64,"M",189.12,"Yes",5,"No"
"912",99.07,32.32,"M",171.01,"Yes",4,"No"
"913",121.49,68.65,"F",154.03,"Yes",3,"No"
"914",65.89,47.99,"M",185.93,"No",3,"No"
"915",126.47,62.96,"F",171.61,"Yes",5,"No"
"916",56.43,21.86,"F",159.37,"No",3,"No"
"917",122.06,31.96,"M",183.25,"Yes",5,"Yes"
"918",82.28,23.69,"M",157.92,"No",2,"No"
"919",108.1,56.44,"M",187.97,"Yes",2,"No"
"920",64.81,52.52,"M",181.05,"Yes",1,"No"
"921",82.89,49.16,"M",167.07,"Yes",2,"No"
"922",103.56,40.08,"F",170.97,"No",6,"No"
"923",57.45,33.97,"M",168.31,"No",2,"No"
"924",71.15,40.59,"F",152.54,"Yes",2,"No"
"925",90.86,31.82,"M",173.73,"No",5,"No"
"926",84.86,41.18,"F",170.63,"Yes",3,"No"
"927",111.33,35.45,"F",165.3,"Yes",3,"No"
"928",115.28,58.44,"M",182.07,"Yes",3,"No"
"929",94.87,34.99,"M",169.02,"No",3,"No"
"930",68.78,57.11,"F",166.7,"No",3,"No"
"931",76.06,21.71,"M",178.48,"Yes",1,"No"
"932",100.14,26.97,"M",181.01,"Yes",4,"No"
"933",122.76,35.04,"M",174.06,"Yes",5,"No"
"934",136.43,45.07,"F",162.16,"Yes",5,"No"
"935",89.48,55.75,"F",165.21,"Yes",2,"No"
"936",113.45,69.97,"F",159.62,"Yes",2,"No"
"937",93.66,25.89,"M",177.02,"Yes",2,"Yes"
"938",112.63,52.11,"F",167.93,"Yes",4,"Yes"
"939",90.08,39.51,"F",165.39,"No",3,"Yes"
"940",105.54,65.57,"M",180.23,"Yes",2,"No"
"941",86.58,64.39,"M",166.43,"No",4,"No"
"942",138.54,51.77,"M",168.93,"Yes",5,"Yes"
"943",89.31,61.62,"M",170.93,"Yes",3,"No"
"944",99.81,55.64,"M",174.79,"Yes",2,"No"
"945",93.19,46.12,"M",176.46,"Yes",1,"No"
"946",107.13,38.64,"M",175.94,"Yes",3,"Yes"
"947",52.19,56.18,"F",161.45,"No",2,"No"
"948",109.76,30.8,"F",163.88,"Yes",4,"No"
"949",96.85,21.78,"F",160.83,"Yes",3,"No"
"950",82.93,29.26,"F",160.06,"Yes",3,"No"
"951",87.96,57.9,"M",187.1,"No",4,"No"
"952",98.79,34.08,"M",176.69,"Yes",4,"No"
"953",69.03,34.77,"M",168.28,"Yes",2,"No"
"954",90.02,59.08,"M",169.35,"Yes",3,"No"
"955",63.21,60.9,"F",159.29,"No",2,"No"
"956",86.59,44.97,"M",177.37,"No",3,"Yes"
"957",79.33,46.03,"M",173.76,"Yes",3,"No"
"958",123.18,42.8,"M",170.3,"Yes",5,"No"
"959",118.92,67.81,"M",175.5,"Yes",3,"No"
"960",72.63,34.94,"F",165.82,"No",3,"Yes"
"961",115,62.81,"M",172.71,"Yes",6,"No"
"962",101.77,44.27,"F",157.68,"Yes",2,"No"
"963",86.09,46.94,"M",169.01,"Yes",2,"No"
"964",123.7,48.72,"M",181.06,"Yes",4,"Yes"
"965",96.93,30.75,"M",160.02,"Yes",5,"No"
"966",141.82,51.39,"F",170.25,"Yes",6,"No"
"967",91.71,49.68,"F",160.35,"No",4,"No"
"968",107.22,32.23,"F",162.43,"Yes",4,"No"
"969",117.85,38.04,"M",184.57,"Yes",4,"No"
"970",85.76,29.46,"F",161.26,"No",2,"No"
"971",96.02,63.69,"M",174.39,"Yes",3,"No"
"972",97.2,49.1,"F",161.9,"Yes",2,"No"
"973",87.35,31.42,"M",172.15,"Yes",2,"No"
"974",94.65,68.68,"F",153.05,"Yes",2,"No"
"975",79.96,29.7,"F",163.32,"Yes",3,"No"
"976",102.7,38.39,"F",165.82,"Yes",2,"No"
"977",80.13,57.78,"M",173.79,"Yes",2,"No"
"978",65.45,62.64,"F",167.52,"Yes",1,"No"
"979",96.58,25.1,"F",159.95,"Yes",2,"No"
"980",105.38,34.59,"F",160.13,"Yes",2,"No"
"981",80.29,30.13,"F",160.33,"No",2,"No"
"982",79.75,22.97,"F",169.47,"No",2,"Yes"
"983",68.85,40.97,"F",158.21,"Yes",1,"No"
"984",105.36,24.71,"F",165.28,"Yes",5,"No"
"985",85.76,30.77,"M",169.13,"No",5,"No"
"986",115.66,63.41,"M",176.95,"Yes",3,"No"
"987",67.66,21.17,"M",177.16,"Yes",2,"No"
"988",115.19,60.1,"M",181.32,"Yes",3,"No"
"989",76.29,59.53,"M",189.61,"No",4,"Yes"
"990",78.62,27.54,"M",176.03,"Yes",3,"No"
"991",112.24,58.42,"F",164.95,"Yes",2,"Yes"
"992",92.12,45.97,"M",175.16,"Yes",3,"No"
"993",97.43,57.79,"F",156.14,"No",3,"No"
"994",62.05,54.53,"F",160.55,"No",2,"No"
"995",87.63,53.21,"F",159.88,"Yes",2,"No"
"996",62.31,51.1,"F",168.84,"No",2,"No"
"997",84.92,64.35,"M",177.16,"Yes",2,"No"
"998",49.38,23.09,"M",184.17,"No",1,"Yes"
"999",139.62,55.94,"M",175.4,"Yes",4,"Yes"
"1000",77.63,26.94,"M",172.09,"Yes",3,"No"
